Station,Model,RequestTime,Jour,Tmin,Tmax
New York,ECMWF IFS,2026-09-28 10:01:20,J+0,58.2,63.7
New York,ECMWF IFS,2026-09-28 10:01:20,J+1,58.6,70.0
New York,ECMWF IFS,2026-09-28 10:01:20,J+2,56.0,72.1
New York,ECMWF AIFS,2026-09-28 10:01:20,J+0,59.2,61.3
New York,ECMWF AIFS,2026-09-28 10:01:20,J+1,60.8,68.7
New York,ECMWF AIFS,2026-09-28 10:01:20,J+2,58.8,72.9
New York,GFS,2026-09-28 10:01:20,J+0,57.8,63.2
New York,GFS,2026-09-28 10:01:20,J+1,56.2,68.8
New York,GFS,2026-09-28 10:01:20,J+2,62.2,78.6
New York,HRRR,2026-09-28 10:01:20,J+0,57.8,63.2
New York,HRRR,2026-09-28 10:01:20,J+1,56.2,68.8
New York,HRRR,2026-09-28 10:01:20,J+2,59.0,61.0
New York,NBM,2026-09-28 10:01:20,J+0,60.3,63.6
New York,NBM,2026-09-28 10:01:20,J+1,58.3,70.9
New York,NBM,2026-09-28 10:01:20,J+2,60.0,74.5
New York,NAM,2026-09-28 10:01:20,J+0,56.8,60.1
New York,NAM,2026-09-28 10:01:20,J+1,55.0,69.5
New York,NAM,2026-09-28 10:01:20,J+2,59.5,61.6
New York,ICON,2026-09-28 10:01:20,J+0,59.8,61.0
New York,ICON,2026-09-28 10:01:20,J+1,59.8,71.7
New York,ICON,2026-09-28 10:01:20,J+2,62.1,73.2
New York,GEM,2026-09-28 10:01:20,J+0,56.5,61.4
New York,GEM,2026-09-28 10:01:20,J+1,53.2,70.0
New York,GEM,2026-09-28 10:01:20,J+2,61.3,74.0
New York,WU,2026-09-28 10:01:20,J+0,60,62
New York,WU,2026-09-28 10:01:20,J+1,60,70
New York,WU,2026-09-28 10:01:20,J+2,62,73
New York,NWS,2026-09-28 10:01:20,J+0,60,64
New York,NWS,2026-09-28 10:01:20,J+1,58,72
New York,NWS,2026-09-28 10:01:20,J+2,60,75
Miami,ECMWF IFS,2026-09-28 10:01:22,J+0,71.4,87.0
Miami,ECMWF IFS,2026-09-28 10:01:22,J+1,72.3,81.6
Miami,ECMWF IFS,2026-09-28 10:01:22,J+2,73.9,83.8
Miami,ECMWF AIFS,2026-09-28 10:01:22,J+0,75.6,85.2
Miami,ECMWF AIFS,2026-09-28 10:01:22,J+1,77.3,80.1
Miami,ECMWF AIFS,2026-09-28 10:01:22,J+2,77.1,80.9
Miami,GFS,2026-09-28 10:01:22,J+0,72.8,89.9
Miami,GFS,2026-09-28 10:01:22,J+1,73.5,81.3
Miami,GFS,2026-09-28 10:01:22,J+2,76.2,87.0
Miami,HRRR,2026-09-28 10:01:22,J+0,72.8,89.9
Miami,HRRR,2026-09-28 10:01:22,J+1,73.5,81.3
Miami,HRRR,2026-09-28 10:01:22,J+2,72.3,74.1
Miami,NBM,2026-09-28 10:01:22,J+0,73.8,85.7
Miami,NBM,2026-09-28 10:01:22,J+1,74.3,83.0
Miami,NBM,2026-09-28 10:01:22,J+2,75.8,82.7
Miami,NAM,2026-09-28 10:01:22,J+0,73.0,87.1
Miami,NAM,2026-09-28 10:01:22,J+1,73.8,85.2
Miami,NAM,2026-09-28 10:01:22,J+2,77.8,79.2
Miami,ICON,2026-09-28 10:01:22,J+0,70.7,87.4
Miami,ICON,2026-09-28 10:01:22,J+1,74.4,83.8
Miami,ICON,2026-09-28 10:01:22,J+2,77.1,82.5
Miami,GEM,2026-09-28 10:01:22,J+0,72.8,85.5
Miami,GEM,2026-09-28 10:01:22,J+1,72.6,85.2
Miami,GEM,2026-09-28 10:01:22,J+2,78.0,86.2
Miami,WU,2026-09-28 10:01:22,J+0,75,87
Miami,WU,2026-09-28 10:01:22,J+1,76,84
Miami,WU,2026-09-28 10:01:22,J+2,77,84
Miami,NWS,2026-09-28 10:01:22,J+0,73,88
Miami,NWS,2026-09-28 10:01:22,J+1,74,85
Miami,NWS,2026-09-28 10:01:22,J+2,76,84
Austin,ECMWF IFS,2026-09-28 10:01:23,J+0,75.6,95.7
Austin,ECMWF IFS,2026-09-28 10:01:23,J+1,76.1,93.5
Austin,ECMWF IFS,2026-09-28 10:01:23,J+2,77.2,97.8
Austin,ECMWF AIFS,2026-09-28 10:01:23,J+0,73.4,93.5
Austin,ECMWF AIFS,2026-09-28 10:01:23,J+1,75.0,91.9
Austin,ECMWF AIFS,2026-09-28 10:01:23,J+2,77.6,91.8
Austin,GFS,2026-09-28 10:01:23,J+0,74.9,94.3
Austin,GFS,2026-09-28 10:01:23,J+1,73.4,92.0
Austin,GFS,2026-09-28 10:01:23,J+2,75.1,89.1
Austin,HRRR,2026-09-28 10:01:23,J+0,74.9,94.3
Austin,HRRR,2026-09-28 10:01:23,J+1,73.4,92.0
Austin,HRRR,2026-09-28 10:01:23,J+2,77.4,78.4
Austin,NBM,2026-09-28 10:01:23,J+0,73.9,95.8
Austin,NBM,2026-09-28 10:01:23,J+1,73.7,93.4
Austin,NBM,2026-09-28 10:01:23,J+2,76.5,93.1
Austin,NAM,2026-09-28 10:01:23,J+0,73.4,95.5
Austin,NAM,2026-09-28 10:01:23,J+1,72.5,93.8
Austin,NAM,2026-09-28 10:01:23,J+2,76.5,79.9
Austin,ICON,2026-09-28 10:01:23,J+0,73.4,97.0
Austin,ICON,2026-09-28 10:01:23,J+1,75.8,94.2
Austin,ICON,2026-09-28 10:01:23,J+2,76.4,94.8
Austin,GEM,2026-09-28 10:01:23,J+0,72.6,93.3
Austin,GEM,2026-09-28 10:01:23,J+1,73.5,92.4
Austin,GEM,2026-09-28 10:01:23,J+2,76.0,95.9
Austin,WU,2026-09-28 10:01:23,J+0,73,95
Austin,WU,2026-09-28 10:01:23,J+1,74,93
Austin,WU,2026-09-28 10:01:23,J+2,77,92
Austin,NWS,2026-09-28 10:01:23,J+0,73,98
Austin,NWS,2026-09-28 10:01:23,J+1,72,95
Austin,NWS,2026-09-28 10:01:23,J+2,74,94
Dallas,ECMWF IFS,2026-09-28 10:01:24,J+0,73.7,92.8
Dallas,ECMWF IFS,2026-09-28 10:01:24,J+1,77.0,95.1
Dallas,ECMWF IFS,2026-09-28 10:01:24,J+2,78.5,95.5
Dallas,ECMWF AIFS,2026-09-28 10:01:24,J+0,74.3,89.5
Dallas,ECMWF AIFS,2026-09-28 10:01:24,J+1,74.4,93.0
Dallas,ECMWF AIFS,2026-09-28 10:01:24,J+2,77.1,90.6
Dallas,GFS,2026-09-28 10:01:24,J+0,77.6,94.4
Dallas,GFS,2026-09-28 10:01:24,J+1,75.3,93.7
Dallas,GFS,2026-09-28 10:01:24,J+2,78.2,90.3
Dallas,HRRR,2026-09-28 10:01:24,J+0,77.6,94.4
Dallas,HRRR,2026-09-28 10:01:24,J+1,75.3,93.7
Dallas,HRRR,2026-09-28 10:01:24,J+2,81.0,81.9
Dallas,NBM,2026-09-28 10:01:24,J+0,74.2,92.8
Dallas,NBM,2026-09-28 10:01:24,J+1,75.5,95.1
Dallas,NBM,2026-09-28 10:01:24,J+2,76.7,91.5
Dallas,NAM,2026-09-28 10:01:24,J+0,72.2,86.6
Dallas,NAM,2026-09-28 10:01:24,J+1,77.4,94.6
Dallas,NAM,2026-09-28 10:01:24,J+2,75.8,84.3
Dallas,ICON,2026-09-28 10:01:24,J+0,74.7,92.2
Dallas,ICON,2026-09-28 10:01:24,J+1,75.5,94.6
Dallas,ICON,2026-09-28 10:01:24,J+2,76.9,91.8
Dallas,GEM,2026-09-28 10:01:24,J+0,72.5,91.0
Dallas,GEM,2026-09-28 10:01:24,J+1,76.4,90.3
Dallas,GEM,2026-09-28 10:01:24,J+2,75.8,93.0
Dallas,WU,2026-09-28 10:01:24,J+0,76,91
Dallas,WU,2026-09-28 10:01:24,J+1,77,94
Dallas,WU,2026-09-28 10:01:24,J+2,79,92
Dallas,NWS,2026-09-28 10:01:24,J+0,75,92
Dallas,NWS,2026-09-28 10:01:24,J+1,75,96
Dallas,NWS,2026-09-28 10:01:24,J+2,77,93
Denver,ECMWF IFS,2026-09-28 10:01:25,J+0,59.1,74.1
Denver,ECMWF IFS,2026-09-28 10:01:25,J+1,55.6,68.3
Denver,ECMWF IFS,2026-09-28 10:01:25,J+2,50.7,58.4
Denver,ECMWF AIFS,2026-09-28 10:01:25,J+0,59.7,69.5
Denver,ECMWF AIFS,2026-09-28 10:01:25,J+1,55.5,64.9
Denver,ECMWF AIFS,2026-09-28 10:01:25,J+2,52.5,58.3
Denver,GFS,2026-09-28 10:01:25,J+0,57.3,76.7
Denver,GFS,2026-09-28 10:01:25,J+1,53.6,61.2
Denver,GFS,2026-09-28 10:01:25,J+2,56.5,69.5
Denver,HRRR,2026-09-28 10:01:25,J+0,57.3,76.7
Denver,HRRR,2026-09-28 10:01:25,J+1,53.6,61.2
Denver,HRRR,2026-09-28 10:01:25,J+2,55.9,55.9
Denver,NBM,2026-09-28 10:01:25,J+0,61.6,72.6
Denver,NBM,2026-09-28 10:01:25,J+1,56.2,64.8
Denver,NBM,2026-09-28 10:01:25,J+2,55.0,61.8
Denver,NAM,2026-09-28 10:01:25,J+0,58.6,72.5
Denver,NAM,2026-09-28 10:01:25,J+1,57.3,66.4
Denver,NAM,2026-09-28 10:01:25,J+2,57.3,61.4
Denver,ICON,2026-09-28 10:01:25,J+0,57.0,68.3
Denver,ICON,2026-09-28 10:01:25,J+1,53.7,67.2
Denver,ICON,2026-09-28 10:01:25,J+2,50.9,68.0
Denver,GEM,2026-09-28 10:01:25,J+0,57.2,76.1
Denver,GEM,2026-09-28 10:01:25,J+1,50.9,67.1
Denver,GEM,2026-09-28 10:01:25,J+2,53.8,68.6
Denver,WU,2026-09-28 10:01:25,J+0,59,72
Denver,WU,2026-09-28 10:01:25,J+1,56,66
Denver,WU,2026-09-28 10:01:25,J+2,54,62
Denver,NWS,2026-09-28 10:01:25,J+0,60,73
Denver,NWS,2026-09-28 10:01:25,J+1,55,66
Denver,NWS,2026-09-28 10:01:25,J+2,54,62
Los Angeles,ECMWF IFS,2026-09-28 10:01:27,J+0,64.9,75.7
Los Angeles,ECMWF IFS,2026-09-28 10:01:27,J+1,62.0,79.3
Los Angeles,ECMWF IFS,2026-09-28 10:01:27,J+2,67.6,81.5
Los Angeles,ECMWF AIFS,2026-09-28 10:01:27,J+0,66.7,80.2
Los Angeles,ECMWF AIFS,2026-09-28 10:01:27,J+1,63.1,84.1
Los Angeles,ECMWF AIFS,2026-09-28 10:01:27,J+2,65.5,79.7
Los Angeles,GFS,2026-09-28 10:01:27,J+0,61.6,77.1
Los Angeles,GFS,2026-09-28 10:01:27,J+1,58.1,84.7
Los Angeles,GFS,2026-09-28 10:01:27,J+2,71.2,80.0
Los Angeles,HRRR,2026-09-28 10:01:27,J+0,61.6,77.1
Los Angeles,HRRR,2026-09-28 10:01:27,J+1,58.1,84.7
Los Angeles,HRRR,2026-09-28 10:01:27,J+2,,
Los Angeles,NBM,2026-09-28 10:01:27,J+0,66.1,74.9
Los Angeles,NBM,2026-09-28 10:01:27,J+1,64.5,79.5
Los Angeles,NBM,2026-09-28 10:01:27,J+2,67.2,79.2
Los Angeles,NAM,2026-09-28 10:01:27,J+0,68.2,75.3
Los Angeles,NAM,2026-09-28 10:01:27,J+1,66.4,82.3
Los Angeles,NAM,2026-09-28 10:01:27,J+2,68.5,70.6
Los Angeles,ICON,2026-09-28 10:01:27,J+0,63.9,79.0
Los Angeles,ICON,2026-09-28 10:01:27,J+1,57.8,87.9
Los Angeles,ICON,2026-09-28 10:01:27,J+2,62.7,86.7
Los Angeles,GEM,2026-09-28 10:01:27,J+0,63.1,76.6
Los Angeles,GEM,2026-09-28 10:01:27,J+1,56.4,80.7
Los Angeles,GEM,2026-09-28 10:01:27,J+2,58.7,79.5
Los Angeles,WU,2026-09-28 10:01:27,J+0,70,77
Los Angeles,WU,2026-09-28 10:01:27,J+1,66,80
Los Angeles,WU,2026-09-28 10:01:27,J+2,69,78
Los Angeles,NWS,2026-09-28 10:01:27,J+0,67,83
Los Angeles,NWS,2026-09-28 10:01:27,J+1,67,84
Los Angeles,NWS,2026-09-28 10:01:27,J+2,68,82
Chicago,ECMWF IFS,2026-09-28 10:01:28,J+0,52.1,69.8
Chicago,ECMWF IFS,2026-09-28 10:01:28,J+1,53.3,73.0
Chicago,ECMWF IFS,2026-09-28 10:01:28,J+2,61.3,68.4
Chicago,ECMWF AIFS,2026-09-28 10:01:28,J+0,49.2,72.9
Chicago,ECMWF AIFS,2026-09-28 10:01:28,J+1,49.6,74.6
Chicago,ECMWF AIFS,2026-09-28 10:01:28,J+2,62.6,69.0
Chicago,GFS,2026-09-28 10:01:28,J+0,50.7,73.2
Chicago,GFS,2026-09-28 10:01:28,J+1,51.0,76.6
Chicago,GFS,2026-09-28 10:01:28,J+2,63.5,75.2
Chicago,HRRR,2026-09-28 10:01:28,J+0,50.7,73.2
Chicago,HRRR,2026-09-28 10:01:28,J+1,51.0,76.6
Chicago,HRRR,2026-09-28 10:01:28,J+2,58.3,59.0
Chicago,NBM,2026-09-28 10:01:28,J+0,53.2,71.3
Chicago,NBM,2026-09-28 10:01:28,J+1,55.0,74.6
Chicago,NBM,2026-09-28 10:01:28,J+2,63.0,74.2
Chicago,NAM,2026-09-28 10:01:28,J+0,50.8,68.4
Chicago,NAM,2026-09-28 10:01:28,J+1,57.9,73.0
Chicago,NAM,2026-09-28 10:01:28,J+2,59.5,61.3
Chicago,ICON,2026-09-28 10:01:28,J+0,50.1,71.0
Chicago,ICON,2026-09-28 10:01:28,J+1,51.4,75.5
Chicago,ICON,2026-09-28 10:01:28,J+2,62.5,72.1
Chicago,GEM,2026-09-28 10:01:28,J+0,50.4,71.5
Chicago,GEM,2026-09-28 10:01:28,J+1,50.3,74.6
Chicago,GEM,2026-09-28 10:01:28,J+2,57.9,75.0
Chicago,WU,2026-09-28 10:01:28,J+0,52,72
Chicago,WU,2026-09-28 10:01:28,J+1,53,75
Chicago,WU,2026-09-28 10:01:28,J+2,63,72
Chicago,NWS,2026-09-28 10:01:28,J+0,51,72
Chicago,NWS,2026-09-28 10:01:28,J+1,54,76
Chicago,NWS,2026-09-28 10:01:28,J+2,62,76
Houston,ECMWF IFS,2026-09-28 10:01:29,J+0,76.5,90.1
Houston,ECMWF IFS,2026-09-28 10:01:29,J+1,75.4,91.5
Houston,ECMWF IFS,2026-09-28 10:01:29,J+2,79.1,92.6
Houston,ECMWF AIFS,2026-09-28 10:01:29,J+0,74.4,91.3
Houston,ECMWF AIFS,2026-09-28 10:01:29,J+1,74.4,92.7
Houston,ECMWF AIFS,2026-09-28 10:01:29,J+2,78.3,91.8
Houston,GFS,2026-09-28 10:01:29,J+0,75.3,93.4
Houston,GFS,2026-09-28 10:01:29,J+1,73.4,92.5
Houston,GFS,2026-09-28 10:01:29,J+2,78.8,91.0
Houston,HRRR,2026-09-28 10:01:29,J+0,75.3,93.4
Houston,HRRR,2026-09-28 10:01:29,J+1,73.4,92.5
Houston,HRRR,2026-09-28 10:01:29,J+2,78.3,78.7
Houston,NBM,2026-09-28 10:01:29,J+0,76.8,90.8
Houston,NBM,2026-09-28 10:01:29,J+1,77.1,89.4
Houston,NBM,2026-09-28 10:01:29,J+2,80.1,89.4
Houston,NAM,2026-09-28 10:01:29,J+0,80.0,92.3
Houston,NAM,2026-09-28 10:01:29,J+1,78.4,87.8
Houston,NAM,2026-09-28 10:01:29,J+2,79.6,80.7
Houston,ICON,2026-09-28 10:01:29,J+0,76.7,91.5
Houston,ICON,2026-09-28 10:01:29,J+1,76.1,91.6
Houston,ICON,2026-09-28 10:01:29,J+2,79.4,91.5
Houston,GEM,2026-09-28 10:01:29,J+0,72.6,91.5
Houston,GEM,2026-09-28 10:01:29,J+1,71.3,89.9
Houston,GEM,2026-09-28 10:01:29,J+2,78.8,91.9
Houston,WU,2026-09-28 10:01:29,J+0,77,91
Houston,WU,2026-09-28 10:01:29,J+1,77,90
Houston,WU,2026-09-28 10:01:29,J+2,80,91
Houston,NWS,2026-09-28 10:01:29,J+0,77,92
Houston,NWS,2026-09-28 10:01:29,J+1,76,90
Houston,NWS,2026-09-28 10:01:29,J+2,79,91
Seattle,ECMWF IFS,2026-09-28 10:01:30,J+0,43.3,64.2
Seattle,ECMWF IFS,2026-09-28 10:01:30,J+1,54.0,63.0
Seattle,ECMWF IFS,2026-09-28 10:01:30,J+2,48.7,62.2
Seattle,ECMWF AIFS,2026-09-28 10:01:30,J+0,42.5,62.6
Seattle,ECMWF AIFS,2026-09-28 10:01:30,J+1,54.8,60.2
Seattle,ECMWF AIFS,2026-09-28 10:01:30,J+2,51.3,61.3
Seattle,GFS,2026-09-28 10:01:30,J+0,45.0,65.5
Seattle,GFS,2026-09-28 10:01:30,J+1,54.0,59.2
Seattle,GFS,2026-09-28 10:01:30,J+2,51.0,64.1
Seattle,HRRR,2026-09-28 10:01:30,J+0,45.0,65.5
Seattle,HRRR,2026-09-28 10:01:30,J+1,53.9,59.2
Seattle,HRRR,2026-09-28 10:01:30,J+2,,
Seattle,NBM,2026-09-28 10:01:30,J+0,45.9,64.4
Seattle,NBM,2026-09-28 10:01:30,J+1,56.7,59.6
Seattle,NBM,2026-09-28 10:01:30,J+2,52.2,62.4
Seattle,NAM,2026-09-28 10:01:30,J+0,49.7,65.7
Seattle,NAM,2026-09-28 10:01:30,J+1,49.8,60.5
Seattle,NAM,2026-09-28 10:01:30,J+2,50.1,51.9
Seattle,ICON,2026-09-28 10:01:30,J+0,43.3,64.2
Seattle,ICON,2026-09-28 10:01:30,J+1,57.0,61.2
Seattle,ICON,2026-09-28 10:01:30,J+2,48.4,62.0
Seattle,GEM,2026-09-28 10:01:30,J+0,40.8,65.0
Seattle,GEM,2026-09-28 10:01:30,J+1,55.8,61.7
Seattle,GEM,2026-09-28 10:01:30,J+2,48.4,62.1
Seattle,WU,2026-09-28 10:01:30,J+0,45,65
Seattle,WU,2026-09-28 10:01:30,J+1,56,62
Seattle,WU,2026-09-28 10:01:30,J+2,51,64
Seattle,NWS,2026-09-28 10:01:30,J+0,46,65
Seattle,NWS,2026-09-28 10:01:30,J+1,55,60
Seattle,NWS,2026-09-28 10:01:30,J+2,51,63
Atlanta,ECMWF IFS,2026-09-28 10:01:31,J+0,57.8,82.1
Atlanta,ECMWF IFS,2026-09-28 10:01:31,J+1,60.9,85.6
Atlanta,ECMWF IFS,2026-09-28 10:01:31,J+2,64.1,87.6
Atlanta,ECMWF AIFS,2026-09-28 10:01:31,J+0,51.8,79.0
Atlanta,ECMWF AIFS,2026-09-28 10:01:31,J+1,52.5,82.6
Atlanta,ECMWF AIFS,2026-09-28 10:01:31,J+2,57.1,84.5
Atlanta,GFS,2026-09-28 10:01:31,J+0,53.8,82.8
Atlanta,GFS,2026-09-28 10:01:31,J+1,56.9,86.3
Atlanta,GFS,2026-09-28 10:01:31,J+2,66.1,89.3
Atlanta,HRRR,2026-09-28 10:01:31,J+0,53.8,82.8
Atlanta,HRRR,2026-09-28 10:01:31,J+1,56.9,86.3
Atlanta,HRRR,2026-09-28 10:01:31,J+2,64.2,67.7
Atlanta,NBM,2026-09-28 10:01:31,J+0,56.3,80.3
Atlanta,NBM,2026-09-28 10:01:31,J+1,57.4,83.3
Atlanta,NBM,2026-09-28 10:01:31,J+2,61.6,85.8
Atlanta,NAM,2026-09-28 10:01:31,J+0,61.7,79.6
Atlanta,NAM,2026-09-28 10:01:31,J+1,63.2,81.6
Atlanta,NAM,2026-09-28 10:01:31,J+2,65.8,72.5
Atlanta,ICON,2026-09-28 10:01:31,J+0,52.9,80.4
Atlanta,ICON,2026-09-28 10:01:31,J+1,55.5,83.4
Atlanta,ICON,2026-09-28 10:01:31,J+2,60.7,85.5
Atlanta,GEM,2026-09-28 10:01:31,J+0,51.3,78.8
Atlanta,GEM,2026-09-28 10:01:31,J+1,50.3,81.8
Atlanta,GEM,2026-09-28 10:01:31,J+2,58.3,86.1
Atlanta,WU,2026-09-28 10:01:31,J+0,56,80
Atlanta,WU,2026-09-28 10:01:31,J+1,59,83
Atlanta,WU,2026-09-28 10:01:31,J+2,62,86
Atlanta,NWS,2026-09-28 10:01:31,J+0,57,81
Atlanta,NWS,2026-09-28 10:01:31,J+1,58,83
Atlanta,NWS,2026-09-28 10:01:31,J+2,62,87
San Francisco,ECMWF IFS,2026-09-28 10:01:32,J+0,54.3,72.2
San Francisco,ECMWF IFS,2026-09-28 10:01:32,J+1,53.3,78.6
San Francisco,ECMWF IFS,2026-09-28 10:01:32,J+2,55.3,80.0
San Francisco,ECMWF AIFS,2026-09-28 10:01:32,J+0,55.0,68.4
San Francisco,ECMWF AIFS,2026-09-28 10:01:32,J+1,54.6,75.3
San Francisco,ECMWF AIFS,2026-09-28 10:01:32,J+2,55.9,75.6
San Francisco,GFS,2026-09-28 10:01:32,J+0,50.9,74.2
San Francisco,GFS,2026-09-28 10:01:32,J+1,55.1,82.1
San Francisco,GFS,2026-09-28 10:01:32,J+2,61.4,88.2
San Francisco,HRRR,2026-09-28 10:01:32,J+0,50.9,74.2
San Francisco,HRRR,2026-09-28 10:01:32,J+1,55.1,82.1
San Francisco,HRRR,2026-09-28 10:01:32,J+2,,
San Francisco,NBM,2026-09-28 10:01:32,J+0,54.6,69.7
San Francisco,NBM,2026-09-28 10:01:32,J+1,54.8,76.4
San Francisco,NBM,2026-09-28 10:01:32,J+2,56.0,81.2
San Francisco,NAM,2026-09-28 10:01:32,J+0,54.0,70.3
San Francisco,NAM,2026-09-28 10:01:32,J+1,55.7,74.2
San Francisco,NAM,2026-09-28 10:01:32,J+2,55.9,58.0
San Francisco,ICON,2026-09-28 10:01:32,J+0,58.2,72.5
San Francisco,ICON,2026-09-28 10:01:32,J+1,57.2,82.7
San Francisco,ICON,2026-09-28 10:01:32,J+2,58.3,86.1
San Francisco,GEM,2026-09-28 10:01:32,J+0,56.2,66.5
San Francisco,GEM,2026-09-28 10:01:32,J+1,55.1,68.4
San Francisco,GEM,2026-09-28 10:01:32,J+2,55.9,70.6
San Francisco,WU,2026-09-28 10:01:32,J+0,56,69
San Francisco,WU,2026-09-28 10:01:32,J+1,56,73
San Francisco,WU,2026-09-28 10:01:32,J+2,57,74
San Francisco,NWS,2026-09-28 10:01:32,J+0,55,70
San Francisco,NWS,2026-09-28 10:01:32,J+1,55,76
San Francisco,NWS,2026-09-28 10:01:32,J+2,56,81
Paris,ECMWF IFS,2026-09-28 10:01:33,J+0,15.4,24.8
Paris,ECMWF IFS,2026-09-28 10:01:33,J+1,16.0,27.4
Paris,ECMWF IFS,2026-09-28 10:01:33,J+2,18.8,22.0
Paris,ECMWF AIFS,2026-09-28 10:01:33,J+0,15.4,22.5
Paris,ECMWF AIFS,2026-09-28 10:01:33,J+1,14.2,26.6
Paris,ECMWF AIFS,2026-09-28 10:01:33,J+2,18.8,22.9
Paris,GFS,2026-09-28 10:01:33,J+0,16.6,24.7
Paris,GFS,2026-09-28 10:01:33,J+1,18.0,27.7
Paris,GFS,2026-09-28 10:01:33,J+2,18.2,22.1
Paris,ICON,2026-09-28 10:01:33,J+0,16.8,23.9
Paris,ICON,2026-09-28 10:01:33,J+1,17.1,27.2
Paris,ICON,2026-09-28 10:01:33,J+2,19.0,21.4
Paris,GEM,2026-09-28 10:01:33,J+0,15.0,26.8
Paris,GEM,2026-09-28 10:01:33,J+1,15.1,28.5
Paris,GEM,2026-09-28 10:01:33,J+2,19.3,25.9
Paris,WU,2026-09-28 10:01:33,J+0,18,24
Paris,WU,2026-09-28 10:01:33,J+1,16,28
Paris,WU,2026-09-28 10:01:33,J+2,20,24
Londres,ECMWF IFS,2026-09-28 10:01:34,J+0,13.4,19.6
Londres,ECMWF IFS,2026-09-28 10:01:34,J+1,15.7,24.4
Londres,ECMWF IFS,2026-09-28 10:01:34,J+2,16.6,22.7
Londres,ECMWF AIFS,2026-09-28 10:01:34,J+0,11.7,18.4
Londres,ECMWF AIFS,2026-09-28 10:01:34,J+1,14.7,23.6
Londres,ECMWF AIFS,2026-09-28 10:01:34,J+2,15.6,21.1
Londres,GFS,2026-09-28 10:01:34,J+0,14.8,19.7
Londres,GFS,2026-09-28 10:01:34,J+1,15.1,24.9
Londres,GFS,2026-09-28 10:01:34,J+2,16.2,21.4
Londres,ICON,2026-09-28 10:01:34,J+0,12.9,18.7
Londres,ICON,2026-09-28 10:01:34,J+1,13.6,25.7
Londres,ICON,2026-09-28 10:01:34,J+2,16.8,23.7
Londres,GEM,2026-09-28 10:01:34,J+0,11.4,20.1
Londres,GEM,2026-09-28 10:01:34,J+1,15.5,26.2
Londres,GEM,2026-09-28 10:01:34,J+2,16.4,20.6
Londres,WU,2026-09-28 10:01:34,J+0,15,19
Londres,WU,2026-09-28 10:01:34,J+1,16,25
Londres,WU,2026-09-28 10:01:34,J+2,17,22
Madrid,ECMWF IFS,2026-09-28 10:01:34,J+0,19.0,24.8
Madrid,ECMWF IFS,2026-09-28 10:01:34,J+1,14.6,26.4
Madrid,ECMWF IFS,2026-09-28 10:01:34,J+2,18.6,27.0
Madrid,ECMWF AIFS,2026-09-28 10:01:34,J+0,17.6,23.8
Madrid,ECMWF AIFS,2026-09-28 10:01:34,J+1,14.7,24.9
Madrid,ECMWF AIFS,2026-09-28 10:01:34,J+2,17.6,23.8
Madrid,GFS,2026-09-28 10:01:34,J+0,16.8,24.7
Madrid,GFS,2026-09-28 10:01:34,J+1,16.7,25.5
Madrid,GFS,2026-09-28 10:01:34,J+2,20.3,26.8
Madrid,ICON,2026-09-28 10:01:34,J+0,18.4,24.6
Madrid,ICON,2026-09-28 10:01:34,J+1,15.6,25.8
Madrid,ICON,2026-09-28 10:01:34,J+2,18.3,25.8
Madrid,GEM,2026-09-28 10:01:34,J+0,15.7,24.2
Madrid,GEM,2026-09-28 10:01:34,J+1,14.8,27.0
Madrid,GEM,2026-09-28 10:01:34,J+2,14.5,26.9
Madrid,WU,2026-09-28 10:01:34,J+0,17,24
Madrid,WU,2026-09-28 10:01:34,J+1,15,26
Madrid,WU,2026-09-28 10:01:34,J+2,18,26
Milan,ECMWF IFS,2026-09-28 10:01:35,J+0,13.6,24.3
Milan,ECMWF IFS,2026-09-28 10:01:35,J+1,15.2,24.2
Milan,ECMWF IFS,2026-09-28 10:01:35,J+2,15.5,23.6
Milan,ECMWF AIFS,2026-09-28 10:01:35,J+0,12.6,23.8
Milan,ECMWF AIFS,2026-09-28 10:01:35,J+1,14.3,23.0
Milan,ECMWF AIFS,2026-09-28 10:01:35,J+2,15.9,22.7
Milan,GFS,2026-09-28 10:01:35,J+0,15.5,26.2
Milan,GFS,2026-09-28 10:01:35,J+1,16.6,25.7
Milan,GFS,2026-09-28 10:01:35,J+2,16.7,25.0
Milan,ICON,2026-09-28 10:01:35,J+0,13.0,25.2
Milan,ICON,2026-09-28 10:01:35,J+1,15.2,24.5
Milan,ICON,2026-09-28 10:01:35,J+2,16.5,22.6
Milan,GEM,2026-09-28 10:01:35,J+0,12.8,25.1
Milan,GEM,2026-09-28 10:01:35,J+1,13.7,24.7
Milan,GEM,2026-09-28 10:01:35,J+2,14.3,24.0
Milan,WU,2026-09-28 10:01:35,J+0,17,25
Milan,WU,2026-09-28 10:01:35,J+1,15,25
Milan,WU,2026-09-28 10:01:35,J+2,16,24
Munich,ECMWF IFS,2026-09-28 10:01:36,J+0,7.3,23.5
Munich,ECMWF IFS,2026-09-28 10:01:36,J+1,9.1,23.0
Munich,ECMWF IFS,2026-09-28 10:01:36,J+2,8.1,21.4
Munich,ECMWF AIFS,2026-09-28 10:01:36,J+0,5.6,23.9
Munich,ECMWF AIFS,2026-09-28 10:01:36,J+1,7.8,22.1
Munich,ECMWF AIFS,2026-09-28 10:01:36,J+2,7.3,22.6
Munich,GFS,2026-09-28 10:01:36,J+0,10.6,24.0
Munich,GFS,2026-09-28 10:01:36,J+1,10.0,23.1
Munich,GFS,2026-09-28 10:01:36,J+2,10.8,23.7
Munich,ICON,2026-09-28 10:01:36,J+0,6.2,25.1
Munich,ICON,2026-09-28 10:01:36,J+1,8.6,23.4
Munich,ICON,2026-09-28 10:01:36,J+2,6.8,24.2
Munich,GEM,2026-09-28 10:01:36,J+0,6.0,24.9
Munich,GEM,2026-09-28 10:01:36,J+1,8.4,23.7
Munich,GEM,2026-09-28 10:01:36,J+2,7.1,24.3
Munich,WU,2026-09-28 10:01:36,J+0,13,25
Munich,WU,2026-09-28 10:01:36,J+1,7,24
Munich,WU,2026-09-28 10:01:36,J+2,7,24
Amsterdam,ECMWF IFS,2026-09-28 10:01:36,J+0,15.6,20.6
Amsterdam,ECMWF IFS,2026-09-28 10:01:36,J+1,15.1,24.1
Amsterdam,ECMWF IFS,2026-09-28 10:01:36,J+2,17.2,23.3
Amsterdam,ECMWF AIFS,2026-09-28 10:01:36,J+0,15.8,19.4
Amsterdam,ECMWF AIFS,2026-09-28 10:01:36,J+1,15.1,22.5
Amsterdam,ECMWF AIFS,2026-09-28 10:01:36,J+2,16.8,23.0
Amsterdam,GFS,2026-09-28 10:01:36,J+0,15.9,21.3
Amsterdam,GFS,2026-09-28 10:01:36,J+1,15.1,26.8
Amsterdam,GFS,2026-09-28 10:01:36,J+2,17.8,25.8
Amsterdam,ICON,2026-09-28 10:01:36,J+0,16.3,19.2
Amsterdam,ICON,2026-09-28 10:01:36,J+1,16.2,24.9
Amsterdam,ICON,2026-09-28 10:01:36,J+2,16.8,22.1
Amsterdam,GEM,2026-09-28 10:01:36,J+0,15.4,21.0
Amsterdam,GEM,2026-09-28 10:01:36,J+1,15.4,24.1
Amsterdam,GEM,2026-09-28 10:01:36,J+2,17.4,24.3
Amsterdam,WU,2026-09-28 10:01:36,J+0,17,20
Amsterdam,WU,2026-09-28 10:01:36,J+1,16,25
Amsterdam,WU,2026-09-28 10:01:36,J+2,18,24
Varsovie,ECMWF IFS,2026-09-28 10:01:37,J+0,8.2,19.3
Varsovie,ECMWF IFS,2026-09-28 10:01:37,J+1,9.4,19.2
Varsovie,ECMWF IFS,2026-09-28 10:01:37,J+2,9.7,19.0
Varsovie,ECMWF AIFS,2026-09-28 10:01:37,J+0,6.9,20.6
Varsovie,ECMWF AIFS,2026-09-28 10:01:37,J+1,8.8,20.7
Varsovie,ECMWF AIFS,2026-09-28 10:01:37,J+2,8.8,20.4
Varsovie,GFS,2026-09-28 10:01:37,J+0,11.6,21.7
Varsovie,GFS,2026-09-28 10:01:37,J+1,11.9,21.1
Varsovie,GFS,2026-09-28 10:01:37,J+2,12.2,21.6
Varsovie,ICON,2026-09-28 10:01:37,J+0,7.6,20.7
Varsovie,ICON,2026-09-28 10:01:37,J+1,8.1,20.6
Varsovie,ICON,2026-09-28 10:01:37,J+2,8.3,20.8
Varsovie,GEM,2026-09-28 10:01:37,J+0,8.0,20.7
Varsovie,GEM,2026-09-28 10:01:37,J+1,9.2,20.0
Varsovie,GEM,2026-09-28 10:01:37,J+2,10.0,20.0
Varsovie,WU,2026-09-28 10:01:37,J+0,13,21
Varsovie,WU,2026-09-28 10:01:37,J+1,9,21
Varsovie,WU,2026-09-28 10:01:37,J+2,9,20
Helsinski,ECMWF IFS,2026-09-28 10:01:38,J+0,7.2,15.1
Helsinski,ECMWF IFS,2026-09-28 10:01:38,J+1,9.7,16.7
Helsinski,ECMWF IFS,2026-09-28 10:01:38,J+2,5.9,16.2
Helsinski,ECMWF AIFS,2026-09-28 10:01:38,J+0,8.9,15.4
Helsinski,ECMWF AIFS,2026-09-28 10:01:38,J+1,10.2,15.4
Helsinski,ECMWF AIFS,2026-09-28 10:01:38,J+2,5.9,14.9
Helsinski,GFS,2026-09-28 10:01:38,J+0,8.2,14.3
Helsinski,GFS,2026-09-28 10:01:38,J+1,10.8,14.8
Helsinski,GFS,2026-09-28 10:01:38,J+2,9.1,15.8
Helsinski,ICON,2026-09-28 10:01:38,J+0,7.4,14.6
Helsinski,ICON,2026-09-28 10:01:38,J+1,9.8,14.2
Helsinski,ICON,2026-09-28 10:01:38,J+2,5.4,15.1
Helsinski,GEM,2026-09-28 10:01:38,J+0,6.9,14.5
Helsinski,GEM,2026-09-28 10:01:38,J+1,10.7,15.8
Helsinski,GEM,2026-09-28 10:01:38,J+2,11.9,14.1
Helsinski,WU,2026-09-28 10:01:38,J+0,11,15
Helsinski,WU,2026-09-28 10:01:38,J+1,11,16
Helsinski,WU,2026-09-28 10:01:38,J+2,6,16
Tokyo,ECMWF IFS,2026-09-28 10:01:38,J+0,21.5,24.6
Tokyo,ECMWF IFS,2026-09-28 10:01:38,J+1,20.6,22.1
Tokyo,ECMWF IFS,2026-09-28 10:01:38,J+2,19.2,24.3
Tokyo,ECMWF AIFS,2026-09-28 10:01:38,J+0,21.7,23.3
Tokyo,ECMWF AIFS,2026-09-28 10:01:38,J+1,18.8,21.9
Tokyo,ECMWF AIFS,2026-09-28 10:01:38,J+2,18.5,22.0
Tokyo,GFS,2026-09-28 10:01:38,J+0,22.5,26.3
Tokyo,GFS,2026-09-28 10:01:38,J+1,18.2,23.3
Tokyo,GFS,2026-09-28 10:01:38,J+2,18.6,20.4
Tokyo,ICON,2026-09-28 10:01:38,J+0,21.3,25.9
Tokyo,ICON,2026-09-28 10:01:38,J+1,19.1,21.9
Tokyo,ICON,2026-09-28 10:01:38,J+2,19.1,21.2
Tokyo,GEM,2026-09-28 10:01:38,J+0,20.5,25.6
Tokyo,GEM,2026-09-28 10:01:38,J+1,18.2,22.5
Tokyo,GEM,2026-09-28 10:01:38,J+2,17.7,19.6
Tokyo,WU,2026-09-28 10:01:38,J+0,23,25
Tokyo,WU,2026-09-28 10:01:38,J+1,19,23
Tokyo,WU,2026-09-28 10:01:38,J+2,19,21
Seoul,ECMWF IFS,2026-09-28 10:01:39,J+0,18.8,22.2
Seoul,ECMWF IFS,2026-09-28 10:01:39,J+1,15.4,22.9
Seoul,ECMWF IFS,2026-09-28 10:01:39,J+2,18.1,23.6
Seoul,ECMWF AIFS,2026-09-28 10:01:39,J+0,19.1,23.1
Seoul,ECMWF AIFS,2026-09-28 10:01:39,J+1,17.8,24.2
Seoul,ECMWF AIFS,2026-09-28 10:01:39,J+2,18.4,24.2
Seoul,GFS,2026-09-28 10:01:39,J+0,19.7,22.3
Seoul,GFS,2026-09-28 10:01:39,J+1,18.4,21.4
Seoul,GFS,2026-09-28 10:01:39,J+2,18.8,22.7
Seoul,ICON,2026-09-28 10:01:39,J+0,18.3,23.4
Seoul,ICON,2026-09-28 10:01:39,J+1,15.5,24.0
Seoul,ICON,2026-09-28 10:01:39,J+2,14.2,23.9
Seoul,GEM,2026-09-28 10:01:39,J+0,18.3,23.6
Seoul,GEM,2026-09-28 10:01:39,J+1,13.0,24.2
Seoul,GEM,2026-09-28 10:01:39,J+2,15.0,24.0
Seoul,WU,2026-09-28 10:01:39,J+0,20,22
Seoul,WU,2026-09-28 10:01:39,J+1,17,23
Seoul,WU,2026-09-28 10:01:39,J+2,19,24
